"['[1, 1, 2, 0]']",[1.74944576]
"['[1, 1, 3, 0]']",[1.68796862]
"['[1, 2, 1, 0]']",[1.74014023]
"['[1, 2, 2, 0]']",[1.88670781]
"['[1, 4, 1, 0]']",[1.73837943]
"['[1, 4, 2, 0]']",[1.66325116]
"['[1, 4, 3, 0]']",[2.1021674]
"['[1, 4, 4, 0]']",[2.4854298]
"['[1, 5, 2, 0]']",[1.03226544]
"['[1, 5, 3, 0]']",[1.16001312]
"['[1, 5, 4, 0]']",[2.06689713]
"['[1, 5, 5, 0]']",[2.18928803]
"['[1, 5, 6, 0]']",[2.25055544]
"['[1, 6, 1, 0]']",[5.98768541]
"['[1, 6, 2, 0]']",[1.36156877]
"['[1, 6, 3, 0]']",[1.98823137]
"['[1, 6, 5, 0]']",[2.01771699]
"['[1, 6, 6, 0]']",[2.23409667]
"['[1, 10, 1, 0]']",[1.70128642]
"['[1, 10, 2, 0]']",[1.82228644]
"['[1, 10, 4, 0]']",[2.33905412]
"['[1, 10, 5, 0]']",[2.01393125]
"['[1, 10, 6, 0]']",[1.58032846]
"['[1, 11, 2, 0]']",[1.29742496]
"['[1, 11, 3, 0]']",[1.71688852]
"['[1, 11, 4, 0]']",[2.15777287]
"['[1, 11, 5, 0]']",[1.91416]
"['[1, 11, 6, 0]']",[2.42278595]
"['[1, 12, 1, 0]']",[0.92699849]
"['[1, 12, 2, 0]']",[2.45723521]
"['[1, 12, 3, 0]']",[1.2142502]
"['[1, 12, 4, 0]']",[2.32609592]
"['[1, 12, 5, 0]']",[2.19745511]
"['[1, 12, 6, 0]']",[2.26650506]
"['[1, 13, 1, 0]']",[1.66923458]
"['[1, 13, 2, 0]']",[1.64843501]
"['[1, 13, 3, 0]']",[1.94114731]
"['[1, 13, 4, 0]']",[1.89035189]
"['[1, 13, 5, 0]']",[2.03624993]
"['[1, 13, 6, 0]']",[2.10137512]
"['[1, 14, 1, 0]']",[0.93013272]
"['[1, 14, 2, 0]']",[1.46767688]
"['[1, 14, 6, 0]']",[1.61116945]
"['[1, 15, 1, 0]']",[1.80724185]
"['[1, 15, 2, 0]']",[1.3387519]
"['[1, 15, 3, 0]']",[6.31141616]
"['[1, 15, 4, 0]']",[1.6936766]
"['[1, 15, 5, 0]']",[1.68302659]
"['[1, 15, 6, 0]']",[1.61915137]
"['[1, 16, 1, 0]']",[1.98925414]
"['[1, 16, 2, 0]']",[1.4055438]
"['[1, 16, 3, 0]']",[2.8163411]
"['[1, 16, 4, 0]']",[2.10640217]
"['[1, 16, 5, 0]']",[1.77000172]
"['[1, 16, 6, 0]']",[2.02327023]
"['[1, 17, 1, 0]']",[1.34961197]
"['[1, 17, 2, 0]']",[1.8106914]
"['[1, 17, 3, 0]']",[1.44173937]
"['[1, 17, 4, 0]']",[1.70440236]
"['[1, 17, 5, 0]']",[2.0896616]
"['[1, 17, 6, 0]']",[1.63233383]
"['[1, 18, 4, 0]']",[2.85444614]
"['[1, 18, 5, 0]']",[1.97574984]
"['[1, 18, 6, 0]']",[1.55122843]
"['[1, 19, 2, 0]']",[1.60939831]
"['[1, 19, 4, 0]']",[1.91507026]
"['[1, 19, 5, 0]']",[1.78422285]
"['[1, 19, 6, 0]']",[1.89565828]
"['[1, 20, 1, 0]']",[1.14746316]
"['[1, 20, 2, 0]']",[1.78594661]
"['[1, 20, 3, 0]']",[1.46987643]
"['[1, 20, 4, 0]']",[1.83997105]
"['[1, 20, 5, 0]']",[1.81248876]
"['[1, 20, 6, 0]']",[1.46235192]
"['[1, 21, 1, 0]']",[1.32218845]
"['[1, 21, 2, 0]']",[7.35525321]
"['[1, 21, 3, 0]']",[2.22763794]
"['[1, 21, 4, 0]']",[1.59576779]
"['[1, 21, 5, 0]']",[2.05873923]
"['[1, 21, 6, 0]']",[2.16452165]
"['[1, 24, 1, 0]']",[1.72734457]
"['[1, 24, 2, 0]']",[1.36278634]
"['[1, 24, 3, 0]']",[1.77822913]
"['[1, 24, 4, 0]']",[1.9456974]
"['[1, 24, 5, 0]']",[2.70973315]
"['[1, 24, 6, 0]']",[2.28131839]
"['[1, 25, 1, 0]']",[1.06081648]
"['[1, 25, 2, 0]']",[1.39176421]
"['[1, 27, 1, 0]']",[0.76184129]
"['[1, 27, 2, 0]']",[1.17521418]
"['[2, 1, 1, 0]']",[1.68060074]
"['[2, 2, 1, 0]']",[6.85524409]
"['[2, 2, 2, 0]']",[1.56952953]
"['[2, 4, 1, 0]']",[1.6504155]
"['[2, 4, 2, 0]']",[1.07081536]
"['[2, 4, 3, 0]']",[1.64452766]
"['[2, 4, 4, 0]']",[1.53734917]
"['[2, 4, 5, 0]']",[1.7907484]
"['[2, 4, 6, 0]']",[1.49565823]
"['[2, 5, 1, 0]']",[1.80425377]
"['[2, 5, 2, 0]']",[1.07931137]
"['[2, 5, 3, 0]']",[2.22214561]
"['[2, 5, 4, 0]']",[6.23183245]
"['[2, 5, 5, 0]']",[1.33738978]
"['[2, 5, 6, 0]']",[1.85839739]
"['[2, 6, 1, 0]']",[1.55000778]
"['[2, 6, 2, 0]']",[1.24060661]
"['[2, 6, 3, 0]']",[2.24409532]
"['[2, 6, 4, 0]']",[1.79486495]
"['[2, 6, 5, 0]']",[2.18996957]
"['[2, 6, 6, 0]']",[2.28515677]
"['[2, 7, 1, 0]']",[1.42350938]
"['[2, 7, 2, 0]']",[1.24736547]
"['[2, 7, 3, 0]']",[1.0326893]
"['[2, 7, 4, 0]']",[1.06763678]
"['[2, 7, 5, 0]']",[1.6876284]
"['[2, 7, 6, 0]']",[2.07469737]
"['[2, 10, 1, 0]']",[1.09279441]
"['[2, 10, 2, 0]']",[1.07753978]
"['[2, 10, 3, 0]']",[1.60204304]
"['[2, 10, 4, 0]']",[1.959702]
"['[2, 10, 5, 0]']",[2.34884967]
"['[2, 10, 6, 0]']",[2.35876711]
"['[2, 11, 1, 0]']",[1.49021702]
"['[2, 11, 2, 0]']",[1.63135586]
"['[2, 11, 3, 0]']",[1.95122457]
"['[2, 11, 4, 0]']",[2.01557312]
"['[2, 11, 5, 0]']",[1.6460756]
"['[2, 11, 6, 0]']",[1.88917447]
"['[2, 12, 1, 0]']",[0.79212286]
"['[2, 12, 2, 0]']",[0.98907647]
"['[2, 12, 3, 0]']",[1.75197609]
"['[2, 12, 4, 0]']",[2.07523932]
"['[2, 12, 5, 0]']",[1.73188568]
"['[2, 12, 6, 0]']",[1.48614416]
"['[2, 13, 1, 0]']",[0.92169821]
"['[2, 13, 2, 0]']",[2.00560467]
"['[2, 13, 3, 0]']",[2.11140052]
"['[2, 13, 4, 0]']",[2.15319927]
"['[2, 13, 5, 0]']",[2.16030852]
"['[2, 13, 6, 0]']",[1.99376066]
"['[2, 14, 1, 0]']",[1.91453376]
"['[2, 14, 2, 0]']",[1.42300425]
"['[2, 14, 3, 0]']",[1.71973808]
"['[2, 15, 1, 0]']",[1.13748383]
"['[2, 15, 2, 0]']",[1.05126386]
"['[2, 15, 3, 0]']",[1.66946412]
"['[2, 15, 4, 0]']",[2.27453838]
"['[2, 15, 5, 0]']",[1.90180705]
"['[2, 15, 6, 0]']",[1.39779472]
"['[2, 16, 1, 0]']",[1.9059438]
"['[2, 16, 2, 0]']",[1.56347044]
"['[2, 16, 3, 0]']",[1.47018591]
"['[2, 16, 4, 0]']",[1.0289982]
"['[2, 16, 5, 0]']",[2.22271657]
"['[2, 16, 6, 0]']",[2.77198432]
"['[2, 17, 1, 0]']",[1.08547169]
"['[2, 17, 2, 0]']",[1.17351971]
"['[2, 17, 3, 0]']",[1.66123506]
"['[2, 17, 4, 0]']",[2.30850951]
"['[2, 17, 5, 0]']",[2.25019941]
"['[2, 17, 6, 0]']",[1.62332311]
"['[2, 18, 1, 0]']",[1.62072839]
"['[2, 18, 2, 0]']",[1.69432401]
"['[2, 18, 3, 0]']",[2.22417374]
"['[2, 18, 4, 0]']",[1.41962908]
"['[2, 18, 5, 0]']",[2.28993447]
"['[2, 18, 6, 0]']",[1.83378928]
"['[2, 19, 1, 0]']",[1.28232484]
"['[2, 19, 2, 0]']",[1.59810929]
"['[2, 19, 3, 0]']",[1.31485012]
"['[2, 19, 4, 0]']",[1.94508993]
"['[2, 19, 5, 0]']",[1.62598399]
"['[2, 19, 6, 0]']",[1.52578475]
"['[2, 20, 1, 0]']",[1.92406907]
"['[2, 20, 2, 0]']",[1.67170512]
"['[2, 20, 3, 0]']",[2.26769274]
"['[2, 20, 4, 0]']",[1.54905726]
"['[2, 20, 5, 0]']",[1.82895916]
"['[2, 20, 6, 0]']",[1.75169662]
"['[2, 21, 1, 0]']",[1.75711061]
"['[2, 21, 2, 0]']",[1.47995592]
"['[2, 21, 3, 0]']",[1.61983081]
"['[2, 21, 4, 0]']",[2.48058743]
"['[2, 21, 5, 0]']",[1.67440317]
"['[2, 21, 6, 0]']",[1.58044314]
"['[2, 22, 1, 0]']",[0.68175964]
"['[2, 22, 2, 0]']",[1.83269906]
"['[2, 22, 3, 0]']",[2.15054501]
"['[2, 22, 4, 0]']",[1.93686088]
"['[2, 22, 5, 0]']",[2.07878881]
"['[2, 22, 6, 0]']",[1.90472241]
"['[2, 23, 1, 0]']",[1.06205324]
"['[2, 23, 2, 0]']",[1.95592559]
"['[2, 23, 3, 0]']",[1.55612793]
"['[2, 23, 4, 0]']",[1.80294121]
"['[2, 23, 5, 0]']",[2.23388092]
"['[2, 23, 6, 0]']",[2.26432626]
"['[2, 26, 3, 0]']",[1.32994131]
"['[2, 26, 4, 0]']",[1.98739664]
"['[2, 26, 5, 0]']",[2.26829086]
"['[2, 26, 6, 0]']",[1.92666602]
"['[2, 27, 1, 0]']",[1.42317441]
"['[2, 27, 2, 0]']",[1.16338033]
"['[3, 4, 1, 0]']",[1.03020005]
"['[3, 4, 2, 0]']",[1.43132576]
"['[3, 4, 5, 0]']",[1.3339054]
"['[3, 4, 6, 0]']",[2.00707295]
"['[3, 5, 1, 0]']",[1.17796845]
"['[3, 5, 2, 0]']",[1.83216051]
"['[3, 5, 3, 0]']",[1.48117031]
"['[3, 5, 4, 0]']",[1.89415005]
"['[3, 5, 5, 0]']",[1.49489438]
"['[3, 5, 6, 0]']",[1.7525301]
"['[3, 6, 1, 0]']",[1.57752258]
"['[3, 6, 2, 0]']",[1.772929]
"['[3, 6, 3, 0]']",[1.62783875]
"['[3, 6, 4, 0]']",[1.97612504]
"['[3, 6, 5, 0]']",[1.59525568]
"['[3, 6, 6, 0]']",[1.35760288]
"['[3, 7, 1, 0]']",[1.84412014]
"['[3, 7, 5, 0]']",[1.58650034]
"['[3, 7, 6, 0]']",[1.91251969]
"['[3, 10, 1, 0]']",[0.72295573]
"['[3, 10, 5, 0]']",[1.18106884]
"['[3, 10, 6, 0]']",[1.34872448]
"['[3, 11, 1, 0]']",[1.44871113]
"['[3, 11, 2, 0]']",[1.30103091]
"['[3, 11, 3, 0]']",[1.71134038]
"['[3, 11, 4, 0]']",[2.16413454]
"['[3, 11, 5, 0]']",[1.79109394]
"['[3, 11, 6, 0]']",[1.22565518]
"['[3, 12, 1, 0]']",[1.4060408]
"['[3, 12, 2, 0]']",[1.50466907]
"['[3, 12, 4, 0]']",[1.72020424]
"['[3, 12, 5, 0]']",[1.35368422]
"['[3, 12, 6, 0]']",[1.64119818]
"['[3, 13, 6, 0]']",[1.1926221]
"['[3, 14, 1, 0]']",[1.54472277]
"['[3, 14, 2, 0]']",[1.74876722]
"['[3, 14, 3, 0]']",[2.24718652]
"['[3, 14, 4, 0]']",[1.85500652]
"['[3, 14, 5, 0]']",[2.27062588]
"['[3, 14, 6, 0]']",[2.02894026]
"['[3, 15, 1, 0]']",[2.13288402]
"['[3, 15, 2, 0]']",[1.25848145]
"['[3, 15, 4, 0]']",[2.10097552]
"['[3, 15, 5, 0]']",[1.51417687]
"['[3, 15, 6, 0]']",[1.57644878]
"['[3, 16, 1, 0]']",[1.27823879]
"['[3, 16, 2, 0]']",[1.10272075]
"['[3, 16, 3, 0]']",[2.22923216]
"['[3, 16, 4, 0]']",[2.32863407]
"['[3, 16, 5, 0]']",[1.9127785]
"['[3, 16, 6, 0]']",[1.60075592]
"['[3, 17, 1, 0]']",[1.4321772]
"['[3, 17, 2, 0]']",[0.83871755]
"['[3, 17, 5, 0]']",[2.14227335]
"['[3, 17, 6, 0]']",[2.33255966]
"['[3, 18, 1, 0]']",[1.31354314]
"['[3, 18, 2, 0]']",[1.91226604]
"['[3, 18, 3, 0]']",[1.54206899]
"['[3, 18, 4, 0]']",[1.90600116]
"['[3, 18, 5, 0]']",[2.45805218]
"['[3, 18, 6, 0]']",[1.75716584]
"['[3, 19, 1, 0]']",[1.80311578]
"['[3, 19, 2, 0]']",[1.44150444]
"['[3, 19, 3, 0]']",[1.53273974]
"['[3, 19, 4, 0]']",[2.16916919]
"['[3, 19, 5, 0]']",[1.66437867]
"['[3, 19, 6, 0]']",[2.34462802]
"['[3, 22, 1, 0]']",[1.89956472]
"['[3, 22, 2, 0]']",[0.95561891]
"['[3, 22, 3, 0]']",[1.70713696]
"['[3, 22, 4, 0]']",[1.95396088]
"['[3, 22, 5, 0]']",[1.71475895]
"['[3, 22, 6, 0]']",[2.31790799]
"['[3, 23, 1, 0]']",[1.9776225]
"['[3, 23, 2, 0]']",[1.8959456]
"['[3, 23, 3, 0]']",[1.36460663]
"['[3, 23, 4, 0]']",[1.29151463]
"['[3, 23, 5, 0]']",[2.24290441]
"['[3, 23, 6, 0]']",[1.90813904]
"['[3, 24, 1, 0]']",[1.76813611]
"['[3, 24, 2, 0]']",[0.75534009]
"['[3, 24, 3, 0]']",[2.11600682]
"['[3, 24, 4, 0]']",[1.63790619]
"['[3, 24, 5, 0]']",[1.62451527]
"['[3, 24, 6, 0]']",[1.9166303]
"['[3, 25, 1, 0]']",[1.3603027]
"['[3, 25, 2, 0]']",[2.68034472]
"['[3, 25, 3, 0]']",[1.92850584]
"['[3, 25, 4, 0]']",[1.47030633]
"['[3, 25, 5, 0]']",[2.51037731]
"['[3, 25, 6, 0]']",[1.89158054]
"['[4, 5, 2, 0]']",[1.53476689]
"['[4, 5, 3, 0]']",[1.95103175]
"['[4, 5, 4, 0]']",[1.63572099]
"['[4, 5, 6, 0]']",[1.7509936]
"['[4, 6, 1, 0]']",[2.0328834]
"['[4, 6, 6, 0]']",[1.94711631]
"['[4, 10, 1, 0]']",[2.14408821]
"['[4, 10, 2, 0]']",[2.61631463]
"['[4, 10, 5, 0]']",[1.91843847]
"['[4, 10, 6, 0]']",[1.59560883]
"['[4, 11, 1, 0]']",[1.75478648]
"['[4, 11, 2, 0]']",[1.73109493]
"['[4, 11, 3, 0]']",[1.14152281]
"['[4, 11, 4, 0]']",[1.44916808]
"['[4, 11, 5, 0]']",[1.93628357]
"['[4, 11, 6, 0]']",[1.87261416]
"['[4, 13, 1, 0]']",[1.90850496]
"['[4, 13, 3, 0]']",[1.29141882]
"['[4, 13, 4, 0]']",[2.00524913]
"['[4, 13, 6, 0]']",[1.89186945]
"['[4, 14, 1, 0]']",[2.2643438]
"['[4, 14, 2, 0]']",[2.32881372]
"['[4, 14, 4, 0]']",[1.07617797]
"['[4, 14, 5, 0]']",[1.68209556]
"['[4, 14, 6, 0]']",[1.66894788]
"['[4, 15, 1, 0]']",[1.66756324]
"['[4, 15, 2, 0]']",[2.29812183]
"['[4, 15, 3, 0]']",[1.5522891]
"['[4, 15, 4, 0]']",[1.89256845]
"['[4, 15, 5, 0]']",[2.36561]
"['[4, 15, 6, 0]']",[1.44537685]
"['[4, 16, 1, 0]']",[2.88241409]
"['[4, 16, 2, 0]']",[2.62372438]
"['[4, 16, 3, 0]']",[1.48395293]
"['[4, 16, 4, 0]']",[1.69549128]
"['[4, 16, 5, 0]']",[2.40805055]
"['[4, 16, 6, 0]']",[2.65380637]
"['[4, 17, 1, 0]']",[1.53282062]
"['[4, 17, 2, 0]']",[1.78118109]
"['[4, 17, 3, 0]']",[1.34789417]
"['[4, 17, 4, 0]']",[1.83100537]
"['[4, 17, 5, 0]']",[2.18730552]
"['[4, 17, 6, 0]']",[2.00108329]
"['[4, 18, 1, 0]']",[1.48584908]
"['[4, 18, 2, 0]']",[2.17018316]
"['[4, 18, 3, 0]']",[2.02280052]
"['[4, 18, 4, 0]']",[1.97041074]
"['[4, 18, 5, 0]']",[1.57150537]
"['[4, 18, 6, 0]']",[2.19460814]
"['[4, 19, 1, 0]']",[1.82409516]
"['[4, 19, 2, 0]']",[1.86224439]
"['[4, 19, 3, 0]']",[1.32855152]
"['[4, 19, 4, 0]']",[1.82109626]
"['[4, 19, 5, 0]']",[1.88053439]
"['[4, 19, 6, 0]']",[2.11180969]
"['[4, 22, 1, 0]']",[1.8437727]
"['[4, 22, 2, 0]']",[1.89815985]
"['[4, 22, 3, 0]']",[1.05661346]
"['[4, 22, 4, 0]']",[1.44530196]
"['[4, 22, 5, 0]']",[2.3616375]
"['[4, 22, 6, 0]']",[2.29226908]
"['[4, 24, 1, 0]']",[2.10797264]
"['[4, 24, 2, 0]']",[2.25164371]
"['[4, 24, 3, 0]']",[1.77262174]
"['[4, 24, 4, 0]']",[1.87089719]
"['[4, 24, 5, 0]']",[2.50832194]
"['[4, 24, 6, 0]']",[1.52807913]
"['[4, 25, 1, 0]']",[1.45807902]
"['[4, 25, 2, 0]']",[1.45428096]
"['[4, 25, 3, 0]']",[1.9244681]
"['[4, 25, 4, 0]']",[1.44895625]
"['[4, 25, 5, 0]']",[2.17024873]
"['[4, 25, 6, 0]']",[1.4653274]
"['[5, 1, 1, 0]']",[2.6404864]
"['[5, 1, 2, 0]']",[2.26242233]
"['[5, 1, 3, 0]']",[1.47952581]
"['[5, 1, 4, 0]']",[1.72156331]
"['[5, 1, 5, 0]']",[2.43438495]
"['[5, 1, 6, 0]']",[1.85489652]
"['[5, 2, 1, 0]']",[2.03580042]
"['[5, 2, 2, 0]']",[1.4970353]
"['[5, 2, 3, 0]']",[1.7035171]
"['[5, 2, 4, 0]']",[1.7930478]
"['[5, 2, 5, 0]']",[2.35977972]
"['[5, 2, 6, 0]']",[1.74081312]
"['[5, 3, 2, 0]']",[1.81560135]
"['[5, 3, 3, 0]']",[1.46145998]
"['[5, 3, 4, 0]']",[1.95151537]
"['[5, 3, 5, 0]']",[1.63319869]
"['[5, 3, 6, 0]']",[1.56219656]
"['[5, 6, 1, 0]']",[2.26554747]
"['[5, 6, 2, 0]']",[2.36046481]
"['[5, 7, 1, 0]']",[2.46471944]
"['[5, 7, 2, 0]']",[2.28018971]
"['[5, 7, 3, 0]']",[1.56041926]
"['[5, 7, 4, 0]']",[2.84960022]
"['[5, 7, 5, 0]']",[1.26710094]
"['[5, 7, 6, 0]']",[1.81154155]
"['[5, 10, 1, 0]']",[1.61952394]
"['[5, 10, 2, 0]']",[1.87282947]
"['[5, 10, 3, 0]']",[1.84019601]
"['[5, 10, 4, 0]']",[1.9887163]
"['[5, 10, 5, 0]']",[1.6724991]
"['[5, 10, 6, 0]']",[1.87503606]
"['[5, 11, 1, 0]']",[2.5311902]
"['[5, 11, 2, 0]']",[2.20598753]
"['[5, 11, 3, 0]']",[1.58350625]
"['[5, 11, 4, 0]']",[1.52339163]
"['[5, 11, 5, 0]']",[2.34269339]
"['[5, 11, 6, 0]']",[1.47782758]
"['[5, 12, 1, 0]']",[1.7689147]
"['[5, 12, 2, 0]']",[1.68692759]
"['[5, 12, 3, 0]']",[1.54324885]
"['[5, 12, 4, 0]']",[1.48033781]
"['[5, 12, 5, 0]']",[2.53470718]
"['[5, 12, 6, 0]']",[1.28506941]
"['[5, 14, 1, 0]']",[2.400813]
"['[5, 14, 2, 0]']",[3.14377943]
"['[5, 14, 3, 0]']",[1.99255082]
"['[5, 14, 4, 0]']",[2.1205079]
"['[5, 14, 5, 0]']",[2.14346236]
"['[5, 14, 6, 0]']",[1.37206676]
"['[5, 15, 1, 0]']",[2.24089194]
"['[5, 15, 2, 0]']",[1.50573219]
"['[5, 15, 3, 0]']",[1.773411]
"['[5, 15, 4, 0]']",[1.39815129]
"['[5, 15, 5, 0]']",[1.93705427]
"['[5, 15, 6, 0]']",[1.2976346]
"['[5, 16, 1, 0]']",[1.87936445]
"['[5, 16, 2, 0]']",[1.79499359]
"['[5, 16, 3, 0]']",[1.62589236]
"['[5, 16, 4, 0]']",[1.57512526]
"['[5, 16, 5, 0]']",[1.9134774]
"['[5, 16, 6, 0]']",[1.84941356]
"['[5, 17, 1, 0]']",[2.07838897]
"['[5, 17, 4, 0]']",[1.77875279]
"['[5, 17, 5, 0]']",[1.54025257]
"['[5, 17, 6, 0]']",[1.64293646]
"['[5, 18, 1, 0]']",[1.7171526]
"['[5, 18, 2, 0]']",[2.12583928]
"['[5, 18, 3, 0]']",[1.55955274]
"['[5, 18, 4, 0]']",[1.75291659]
"['[5, 18, 5, 0]']",[1.87328406]
"['[5, 18, 6, 0]']",[1.66393443]
"['[5, 22, 1, 0]']",[2.27504323]
"['[5, 22, 2, 0]']",[2.38520817]
"['[5, 22, 3, 0]']",[2.4814067]
"['[5, 22, 4, 0]']",[1.84266237]
"['[5, 22, 5, 0]']",[1.95706324]
"['[5, 22, 6, 0]']",[2.00196394]
"['[5, 24, 2, 0]']",[2.60363504]
"['[5, 24, 3, 0]']",[1.66141947]
"['[5, 24, 4, 0]']",[1.61442364]
"['[5, 24, 5, 0]']",[1.46376163]
"['[5, 24, 6, 0]']",[1.86769375]
"['[5, 25, 1, 0]']",[1.45740881]
"['[5, 25, 2, 0]']",[1.98193758]
"['[5, 25, 5, 0]']",[1.88100608]
"['[5, 25, 6, 0]']",[1.83422175]
"['[6, 1, 1, 0]']",[1.43306116]
"['[6, 1, 2, 0]']",[2.84656579]
"['[6, 1, 3, 0]']",[2.52021959]
"['[6, 1, 4, 0]']",[2.3217049]
"['[6, 1, 5, 0]']",[1.97353045]
"['[6, 1, 6, 0]']",[2.44721523]
"['[6, 4, 1, 0]']",[2.15399563]
"['[6, 4, 2, 0]']",[2.25863805]
"['[6, 4, 3, 0]']",[1.64436771]
"['[6, 4, 4, 0]']",[2.20837406]
"['[6, 4, 5, 0]']",[1.50583192]
"['[6, 4, 6, 0]']",[1.64743192]
"['[6, 5, 1, 0]']",[1.53414924]
"['[6, 6, 1, 0]']",[1.97148693]
"['[6, 6, 2, 0]']",[2.53227859]
"['[6, 6, 3, 0]']",[1.20009955]
"['[6, 6, 4, 0]']",[1.47653277]
"['[6, 6, 5, 0]']",[6.39276875]
"['[6, 6, 6, 0]']",[2.31688569]
"['[6, 7, 1, 0]']",[1.54983206]
"['[6, 10, 1, 0]']",[1.84641543]
"['[6, 10, 2, 0]']",[2.04037458]
"['[6, 10, 3, 0]']",[2.23381916]
"['[6, 10, 5, 0]']",[1.20605283]
"['[6, 10, 6, 0]']",[2.01931533]
"['[6, 11, 1, 0]']",[1.15470262]
"['[6, 11, 4, 0]']",[1.28971477]
"['[6, 11, 5, 0]']",[1.57575984]
"['[6, 11, 6, 0]']",[1.67480997]
"['[6, 12, 1, 0]']",[2.75969991]
"['[6, 12, 2, 0]']",[1.43320589]
"['[6, 12, 3, 0]']",[1.32157234]
"['[6, 12, 4, 0]']",[1.49408809]
"['[6, 12, 5, 0]']",[2.0437789]
"['[6, 12, 6, 0]']",[1.72889178]
"['[6, 13, 1, 0]']",[2.75682282]
"['[6, 13, 2, 0]']",[1.54182312]
"['[6, 13, 4, 0]']",[1.77400528]
"['[6, 13, 5, 0]']",[2.19131636]
"['[6, 13, 6, 0]']",[1.95575744]
"['[6, 14, 2, 0]']",[3.01430473]
"['[6, 14, 3, 0]']",[1.8337596]
"['[6, 14, 4, 0]']",[1.68453383]
"['[6, 14, 5, 0]']",[1.89998857]
"['[6, 14, 6, 0]']",[1.71075218]
"['[6, 15, 1, 0]']",[2.91983128]
"['[6, 15, 2, 0]']",[2.64395368]
"['[6, 15, 3, 0]']",[1.34788785]
"['[6, 15, 4, 0]']",[2.27488334]
"['[6, 15, 5, 0]']",[2.04327861]
"['[6, 15, 6, 0]']",[2.01172586]
"['[6, 16, 1, 0]']",[2.30949121]
"['[6, 16, 2, 0]']",[2.98766939]
"['[6, 16, 3, 0]']",[1.43424815]
"['[6, 16, 4, 0]']",[2.20587389]
"['[6, 16, 6, 0]']",[2.00231071]
"['[6, 17, 1, 0]']",[2.19039828]
"['[6, 17, 2, 0]']",[2.68738096]
"['[6, 17, 3, 0]']",[1.73615769]
"['[6, 17, 4, 0]']",[2.42665863]
"['[6, 17, 5, 0]']",[5.85338682]
"['[6, 17, 6, 0]']",[2.21775174]
"['[6, 18, 1, 0]']",[1.82441531]
"['[6, 19, 1, 0]']",[1.82029892]
"['[6, 19, 5, 0]']",[1.77236475]
"['[6, 19, 6, 0]']",[1.63548795]
"['[6, 22, 1, 0]']",[1.99282696]
"['[6, 22, 2, 0]']",[2.24702303]
"['[6, 22, 3, 0]']",[1.78055168]
"['[6, 22, 4, 0]']",[2.44688346]
"['[6, 22, 5, 0]']",[2.21675237]
"['[6, 22, 6, 0]']",[1.29727984]
"['[7, 1, 1, 0]']",[2.06207998]
"['[7, 1, 2, 0]']",[2.56372717]
"['[7, 1, 3, 0]']",[2.0734159]
"['[7, 1, 4, 0]']",[1.82912021]
"['[7, 1, 5, 0]']",[1.5998403]
"['[7, 1, 6, 0]']",[2.05748727]
"['[7, 2, 1, 0]']",[2.25324021]
"['[7, 3, 1, 0]']",[1.7585679]
"['[7, 3, 2, 0]']",[2.53355442]
"['[7, 3, 3, 0]']",[1.55745729]
"['[7, 3, 4, 0]']",[1.5869525]
"['[7, 3, 5, 0]']",[1.69575157]
"['[7, 3, 6, 0]']",[2.30115072]
"['[7, 4, 1, 0]']",[1.25195991]
"['[7, 4, 2, 0]']",[1.32297491]
"['[7, 4, 3, 0]']",[1.89274688]
"['[7, 4, 4, 0]']",[1.84403637]
"['[7, 4, 5, 0]']",[1.93396091]
"['[7, 4, 6, 0]']",[1.74451164]
"['[7, 5, 1, 0]']",[1.56667761]
"['[7, 5, 2, 0]']",[2.13827702]
"['[7, 5, 3, 0]']",[1.47726662]
"['[7, 5, 4, 0]']",[2.35117886]
"['[7, 5, 5, 0]']",[1.78219181]
"['[7, 5, 6, 0]']",[1.71176681]
"['[7, 6, 1, 0]']",[1.32817706]
"['[7, 6, 2, 0]']",[1.44429613]
"['[7, 6, 3, 0]']",[1.96060302]
"['[7, 6, 4, 0]']",[1.36826572]
"['[7, 7, 1, 0]']",[1.194586]
"['[7, 7, 2, 0]']",[1.99674578]
"['[7, 7, 3, 0]']",[1.5922283]
"['[7, 7, 4, 0]']",[1.63055506]
"['[7, 7, 5, 0]']",[2.1972556]
"['[7, 7, 6, 0]']",[1.42676769]
"['[7, 8, 2, 0]']",[1.29437718]
"['[7, 8, 4, 0]']",[1.89954074]
"['[7, 8, 5, 0]']",[1.97681126]
"['[7, 8, 6, 0]']",[1.54247738]
"['[7, 9, 1, 0]']",[1.59295072]
"['[7, 9, 2, 0]']",[1.8225193]
"['[7, 9, 3, 0]']",[2.10200169]
"['[7, 9, 4, 0]']",[2.46224054]
"['[7, 9, 5, 0]']",[1.73569454]
"['[7, 9, 6, 0]']",[2.03584544]
"['[7, 10, 1, 0]']",[1.26487562]
"['[7, 10, 2, 0]']",[1.40884009]
"['[7, 10, 3, 0]']",[1.53915602]
"['[7, 10, 4, 0]']",[2.47481977]
"['[7, 10, 5, 0]']",[1.972139]
"['[7, 10, 6, 0]']",[1.49431546]
"['[7, 11, 1, 0]']",[1.27856185]
"['[7, 11, 2, 0]']",[1.70656439]
"['[7, 12, 1, 0]']",[2.21503395]
"['[7, 12, 2, 0]']",[1.99562445]
"['[7, 12, 3, 0]']",[1.92917649]
"['[7, 15, 1, 0]']",[1.69310228]
"['[7, 15, 2, 0]']",[1.38092183]
"['[7, 15, 4, 0]']",[1.79852649]
"['[7, 15, 5, 0]']",[1.76497715]
"['[7, 15, 6, 0]']",[1.40909535]
"['[7, 16, 1, 0]']",[1.1849266]
"['[7, 16, 2, 0]']",[1.34865314]
"['[7, 16, 3, 0]']",[2.33325728]
"['[7, 16, 4, 0]']",[1.76324905]
"['[7, 16, 5, 0]']",[2.19783688]
"['[7, 16, 6, 0]']",[2.11371168]
"['[7, 17, 1, 0]']",[1.45655839]
"['[7, 17, 2, 0]']",[2.04765046]
"['[7, 17, 4, 0]']",[1.77536943]
"['[7, 17, 5, 0]']",[1.67186686]
"['[7, 17, 6, 0]']",[1.27462001]
"['[8, 3, 1, 0]']",[2.18837977]
"['[8, 3, 2, 0]']",[2.03435423]
"['[8, 3, 3, 0]']",[1.61948323]
"['[8, 3, 4, 0]']",[1.65783656]
"['[8, 3, 5, 0]']",[2.05742502]
"['[8, 3, 6, 0]']",[1.8598176]
"['[8, 4, 1, 0]']",[1.53538098]
"['[8, 4, 2, 0]']",[1.89487292]
"['[8, 4, 3, 0]']",[1.43085123]
"['[8, 4, 4, 0]']",[1.48131571]
"['[8, 4, 5, 0]']",[1.87462346]
"['[8, 5, 1, 0]']",[1.81582329]
"['[8, 5, 3, 0]']",[1.6078673]
"['[8, 5, 4, 0]']",[1.63294107]
"['[8, 5, 5, 0]']",[1.55622803]
"['[8, 5, 6, 0]']",[1.91329482]
"['[8, 6, 1, 0]']",[1.91725502]
"['[8, 6, 2, 0]']",[2.24320451]
"['[8, 6, 4, 0]']",[1.29392322]
"['[8, 6, 5, 0]']",[1.8123658]
"['[8, 7, 1, 0]']",[1.58142025]
"['[8, 7, 2, 0]']",[2.1466658]
"['[8, 7, 3, 0]']",[1.54440895]
"['[8, 7, 5, 0]']",[1.54049639]
"['[8, 8, 1, 0]']",[0.99257388]
"['[8, 8, 2, 0]']",[2.0319736]
"['[8, 8, 3, 0]']",[1.43408608]
"['[8, 8, 4, 0]']",[1.52746284]
"['[8, 8, 5, 0]']",[1.79072401]
"['[8, 8, 6, 0]']",[1.88732985]
"['[8, 9, 1, 0]']",[1.91169578]
"['[8, 9, 2, 0]']",[2.08627892]
"['[8, 9, 3, 0]']",[1.6749449]
"['[8, 9, 4, 0]']",[1.80939531]
"['[8, 9, 5, 0]']",[1.93315715]
"['[8, 9, 6, 0]']",[1.3877981]
"['[8, 10, 1, 0]']",[1.69717413]
"['[8, 10, 2, 0]']",[2.72633175]
"['[8, 10, 3, 0]']",[1.48513294]
"['[8, 10, 4, 0]']",[1.84036785]
"['[8, 10, 5, 0]']",[2.21123082]
"['[8, 10, 6, 0]']",[2.19324388]
"['[8, 11, 1, 0]']",[1.9744139]
"['[8, 11, 2, 0]']",[2.04648065]
"['[8, 11, 3, 0]']",[1.18606553]
"['[8, 11, 4, 0]']",[1.04274643]
"['[8, 11, 5, 0]']",[2.63328015]
"['[8, 11, 6, 0]']",[1.95553935]
"['[8, 15, 1, 0]']",[1.73060124]
"['[8, 15, 2, 0]']",[2.29307846]
"['[8, 15, 3, 0]']",[1.44053339]
"['[8, 15, 4, 0]']",[1.42686332]
"['[8, 15, 5, 0]']",[1.17260844]
"['[8, 15, 6, 0]']",[1.49283052]
"['[8, 16, 1, 0]']",[2.1336918]
"['[8, 16, 2, 0]']",[1.53853123]
"['[8, 16, 3, 0]']",[1.43671676]
"['[8, 16, 4, 0]']",[1.57582106]
"['[8, 16, 5, 0]']",[1.77638873]
"['[8, 16, 6, 0]']",[2.26735821]
"['[8, 17, 1, 0]']",[2.69495983]
"['[8, 17, 2, 0]']",[1.81654652]
"['[8, 17, 3, 0]']",[1.71874203]
"['[8, 17, 4, 0]']",[1.39848298]
"['[8, 17, 5, 0]']",[1.47824673]
"['[8, 17, 6, 0]']",[1.85513058]
"['[8, 18, 1, 0]']",[0.77700131]
"['[8, 18, 2, 0]']",[2.26655088]
"['[8, 18, 3, 0]']",[2.05582983]
"['[8, 18, 4, 0]']",[1.5450086]
"['[8, 18, 5, 0]']",[1.33804718]
"['[8, 18, 6, 0]']",[0.92646617]
"['[9, 3, 1, 0]']",[2.41469101]
"['[9, 3, 2, 0]']",[1.84976522]
"['[9, 3, 3, 0]']",[1.78549413]
"['[9, 3, 4, 0]']",[1.69919403]
"['[9, 3, 5, 0]']",[1.55162662]
"['[9, 3, 6, 0]']",[1.60105083]
"['[9, 4, 1, 0]']",[3.21957041]
"['[9, 4, 2, 0]']",[2.46954634]
"['[9, 4, 3, 0]']",[2.17758914]
"['[9, 4, 4, 0]']",[2.05878721]
"['[9, 4, 5, 0]']",[2.05264524]
"['[9, 4, 6, 0]']",[1.20841945]
"['[9, 5, 1, 0]']",[2.77197765]
"['[9, 5, 2, 0]']",[3.2837158]
"['[9, 5, 3, 0]']",[2.02632469]
"['[9, 5, 4, 0]']",[1.85788371]
"['[9, 5, 5, 0]']",[2.17424423]
"['[9, 5, 6, 0]']",[2.28692001]
"['[9, 6, 1, 0]']",[2.12788879]
"['[9, 6, 2, 0]']",[2.08501037]
"['[9, 6, 3, 0]']",[1.76410024]
"['[9, 6, 4, 0]']",[1.73630217]
"['[9, 6, 5, 0]']",[2.37886078]
"['[9, 6, 6, 0]']",[1.58742272]
"['[9, 7, 2, 0]']",[2.12934126]
"['[9, 7, 4, 0]']",[2.3015981]
"['[9, 7, 5, 0]']",[6.35382433]
"['[9, 7, 6, 0]']",[1.63949355]
"['[9, 8, 1, 0]']",[1.52323879]
"['[9, 8, 2, 0]']",[2.44322223]
"['[9, 8, 3, 0]']",[1.1552211]
"['[9, 8, 4, 0]']",[1.12360696]
"['[9, 8, 5, 0]']",[1.91150357]
"['[9, 8, 6, 0]']",[1.60649812]
"['[9, 9, 1, 0]']",[2.35724053]
"['[9, 9, 2, 0]']",[2.54389221]
"['[9, 9, 3, 0]']",[2.4969221]
"['[9, 9, 4, 0]']",[2.05664766]
"['[9, 9, 5, 0]']",[2.00028272]
"['[9, 9, 6, 0]']",[1.79144366]
"['[9, 10, 1, 0]']",[2.74154647]
"['[9, 10, 2, 0]']",[2.60815414]
"['[9, 10, 3, 0]']",[1.74601156]
"['[9, 10, 4, 0]']",[2.48546839]
"['[9, 10, 5, 0]']",[2.12435512]
"['[9, 10, 6, 0]']",[1.7801863]
"['[9, 11, 1, 0]']",[2.33418466]
"['[9, 11, 2, 0]']",[1.4607952]
"['[9, 11, 3, 0]']",[1.81182985]
"['[9, 11, 4, 0]']",[1.6261384]
"['[9, 11, 5, 0]']",[1.70158847]
"['[9, 11, 6, 0]']",[1.53922174]
"['[9, 14, 1, 0]']",[1.79921013]
"['[9, 14, 2, 0]']",[2.03400711]
"['[9, 14, 3, 0]']",[1.48043518]
"['[9, 14, 4, 0]']",[1.67949653]
"['[9, 14, 5, 0]']",[2.57630583]
"['[9, 14, 6, 0]']",[2.40708898]
"['[9, 15, 1, 0]']",[1.70149367]
"['[9, 15, 2, 0]']",[1.99802819]
"['[9, 15, 3, 0]']",[1.33818774]
"['[9, 15, 4, 0]']",[1.42810868]
"['[9, 15, 5, 0]']",[1.89010425]
"['[9, 15, 6, 0]']",[1.90529353]
"['[9, 18, 1, 0]']",[1.7528756]
"['[10, 4, 1, 0]']",[1.21542306]
"['[10, 4, 2, 0]']",[2.93349612]
"['[10, 4, 4, 0]']",[2.34291615]
"['[10, 4, 6, 0]']",[1.65969347]
"['[10, 5, 1, 0]']",[1.89852219]
"['[10, 5, 2, 0]']",[1.52206882]
"['[10, 5, 4, 0]']",[1.94378027]
"['[10, 5, 5, 0]']",[1.94304198]
"['[10, 5, 6, 0]']",[1.54479917]
"['[10, 6, 1, 0]']",[2.5546564]
"['[10, 6, 2, 0]']",[1.0281805]
"['[10, 6, 4, 0]']",[2.00178085]
"['[10, 6, 5, 0]']",[2.44842813]
"['[10, 6, 6, 0]']",[1.42161515]
"['[10, 7, 1, 0]']",[1.59205184]
"['[10, 7, 2, 0]']",[2.64739544]
"['[10, 7, 3, 0]']",[1.65766001]
"['[10, 7, 4, 0]']",[1.02892978]
"['[10, 7, 5, 0]']",[2.03641671]
"['[10, 7, 6, 0]']",[1.79990336]
"['[10, 8, 1, 0]']",[2.24199003]
"['[10, 8, 2, 0]']",[1.16874388]
"['[10, 8, 5, 0]']",[1.74526007]
"['[10, 8, 6, 0]']",[1.30637387]
"['[10, 9, 1, 0]']",[1.39609826]
"['[10, 9, 2, 0]']",[2.79380553]
"['[10, 9, 3, 0]']",[1.97908048]
"['[10, 9, 4, 0]']",[2.49953256]
"['[10, 9, 5, 0]']",[2.29192369]
"['[10, 9, 6, 0]']",[1.9371692]
"['[10, 10, 1, 0]']",[2.42831385]
"['[10, 10, 2, 0]']",[1.8009005]
"['[10, 10, 4, 0]']",[1.55341232]
"['[10, 10, 5, 0]']",[1.66975777]
"['[10, 10, 6, 0]']",[1.97112521]
"['[10, 11, 3, 0]']",[1.55262795]
"['[10, 11, 5, 0]']",[2.12333981]
"['[10, 11, 6, 0]']",[6.53466742]
"['[10, 12, 1, 0]']",[2.02122302]
"['[10, 14, 1, 0]']",[1.75559762]
"['[10, 14, 2, 0]']",[1.98700996]
"['[10, 14, 3, 0]']",[1.82728886]
"['[10, 14, 4, 0]']",[1.95910404]
"['[10, 14, 5, 0]']",[2.05026207]
"['[10, 14, 6, 0]']",[1.87056306]
"['[10, 15, 1, 0]']",[1.82604577]
"['[10, 15, 2, 0]']",[2.77947754]
"['[10, 15, 3, 0]']",[1.76259858]
"['[10, 15, 4, 0]']",[1.46563076]
"['[10, 15, 5, 0]']",[2.45985709]
"['[10, 15, 6, 0]']",[1.53841643]
"['[10, 16, 1, 0]']",[1.18614532]
"['[10, 16, 2, 0]']",[3.01197946]
"['[10, 16, 3, 0]']",[1.86720851]
"['[10, 16, 4, 0]']",[1.51167486]
"['[10, 16, 5, 0]']",[2.19468323]
"['[10, 16, 6, 0]']",[1.73723985]
"['[10, 17, 1, 0]']",[1.1636947]
"['[10, 17, 2, 0]']",[1.88911419]
"['[10, 17, 3, 0]']",[1.70517216]
"['[10, 17, 4, 0]']",[1.71733651]
"['[10, 17, 5, 0]']",[1.46963297]
"['[10, 17, 6, 0]']",[1.67599478]
"['[10, 18, 1, 0]']",[1.28386788]
"['[10, 18, 2, 0]']",[2.08141202]
"['[11, 4, 1, 0]']",[1.89232053]
"['[11, 4, 2, 0]']",[1.67894528]
"['[11, 4, 5, 0]']",[1.45863682]
"['[11, 4, 6, 0]']",[1.37966457]
"['[11, 6, 1, 0]']",[2.04468824]
"['[11, 6, 2, 0]']",[1.86175115]
"['[11, 6, 3, 0]']",[1.44758158]
"['[11, 6, 5, 0]']",[2.15366066]
"['[11, 6, 6, 0]']",[1.35254032]
"['[11, 10, 1, 0]']",[2.02505644]
"['[11, 10, 3, 0]']",[1.78354957]
"['[11, 10, 4, 0]']",[2.0437567]
"['[11, 10, 5, 0]']",[1.77400818]
"['[11, 10, 6, 0]']",[1.91544428]
"['[11, 11, 3, 0]']",[1.66267537]
"['[11, 11, 4, 0]']",[1.62929991]
"['[11, 11, 5, 0]']",[1.91295287]
"['[11, 11, 6, 0]']",[1.49683439]
"['[11, 12, 1, 0]']",[2.44005962]
"['[11, 12, 2, 0]']",[2.13678886]
"['[11, 12, 3, 0]']",[1.75245451]
"['[11, 12, 4, 0]']",[1.87171867]
"['[11, 12, 5, 0]']",[1.88093049]
"['[11, 12, 6, 0]']",[2.32884362]
"['[11, 13, 2, 0]']",[2.08432561]
"['[11, 13, 5, 0]']",[1.80534767]
"['[11, 13, 6, 0]']",[2.69356439]
"['[11, 14, 1, 0]']",[2.51086252]
"['[11, 14, 2, 0]']",[1.64768204]
"['[11, 14, 4, 0]']",[1.67325324]
"['[11, 14, 5, 0]']",[1.17484285]
"['[11, 14, 6, 0]']",[1.8128838]
"['[11, 15, 1, 0]']",[2.2265525]
"['[11, 15, 2, 0]']",[2.09329451]
"['[11, 15, 3, 0]']",[1.53939033]
"['[11, 15, 6, 0]']",[2.04892718]
"['[11, 16, 1, 0]']",[1.98836252]
"['[11, 16, 2, 0]']",[2.39602593]
"['[11, 16, 3, 0]']",[1.28057175]
"['[11, 16, 4, 0]']",[1.28435002]
"['[11, 16, 5, 0]']",[1.71991434]
"['[11, 17, 1, 0]']",[1.8757648]
"['[11, 17, 2, 0]']",[2.14169504]
"['[11, 17, 3, 0]']",[1.60811302]
"['[11, 17, 4, 0]']",[1.63036614]
"['[11, 17, 5, 0]']",[1.69082024]
"['[11, 17, 6, 0]']",[1.68232135]
"['[11, 18, 1, 0]']",[1.74808016]
"['[11, 18, 2, 0]']",[2.21456722]
"['[11, 18, 3, 0]']",[1.04527538]
"['[11, 18, 4, 0]']",[2.01036961]
"['[11, 18, 5, 0]']",[1.51225718]
"['[11, 18, 6, 0]']",[1.83792528]
"['[11, 19, 1, 0]']",[2.01896959]
"['[11, 19, 2, 0]']",[1.65006155]
"['[11, 19, 3, 0]']",[1.08970237]
"['[11, 19, 4, 0]']",[1.61988632]
"['[11, 19, 5, 0]']",[1.84407286]
"['[11, 22, 1, 0]']",[1.36964789]
"['[11, 22, 2, 0]']",[1.41106254]
"['[11, 22, 3, 0]']",[1.63137889]
"['[11, 22, 5, 0]']",[1.37192314]
"['[11, 22, 6, 0]']",[1.71069522]
"['[11, 24, 1, 0]']",[1.32260168]
"['[11, 24, 4, 0]']",[1.8485465]
"['[11, 24, 5, 0]']",[1.67836466]
"['[11, 24, 6, 0]']",[1.74083413]
"['[11, 25, 1, 0]']",[1.59726026]
"['[11, 25, 2, 0]']",[1.80256735]
"['[11, 25, 3, 0]']",[1.50148563]
"['[11, 25, 4, 0]']",[1.81295631]
"['[11, 25, 5, 0]']",[1.98197599]
"['[11, 25, 6, 0]']",[2.08836396]
"['[12, 1, 6, 0]']",[2.10664615]
"['[12, 4, 1, 0]']",[1.94483162]
"['[12, 4, 5, 0]']",[1.62373038]
"['[12, 4, 6, 0]']",[1.76535306]
"['[12, 5, 3, 0]']",[1.47300667]
"['[12, 5, 4, 0]']",[1.67203206]
"['[12, 5, 5, 0]']",[0.72484697]
"['[12, 6, 3, 0]']",[1.29893449]
"['[12, 6, 4, 0]']",[1.91598586]
"['[12, 6, 5, 0]']",[1.76909476]
"['[12, 7, 1, 0]']",[1.391783]
"['[12, 7, 2, 0]']",[1.63098064]
"['[12, 7, 3, 0]']",[1.93419708]
"['[12, 7, 4, 0]']",[1.8552455]
"['[12, 7, 5, 0]']",[1.66626184]
"['[12, 7, 6, 0]']",[1.05297381]
"['[12, 8, 1, 0]']",[1.95383216]
"['[12, 10, 1, 0]']",[1.11396158]
"['[12, 10, 2, 0]']",[1.34118719]
"['[12, 10, 3, 0]']",[1.5866864]
"['[12, 10, 4, 0]']",[1.60286512]
"['[12, 10, 6, 0]']",[1.71965008]
"['[12, 11, 1, 0]']",[1.45497763]
"['[12, 11, 2, 0]']",[1.50406677]
"['[12, 11, 3, 0]']",[2.01807975]
"['[12, 11, 4, 0]']",[1.35089462]
"['[12, 11, 5, 0]']",[1.46875156]
"['[12, 11, 6, 0]']",[1.78645351]
"['[12, 12, 2, 0]']",[0.80899501]
"['[12, 12, 3, 0]']",[1.66183527]
"['[12, 12, 4, 0]']",[1.79949006]
"['[12, 12, 5, 0]']",[1.73890565]
"['[12, 12, 6, 0]']",[1.12949893]
"['[12, 13, 1, 0]']",[1.15407426]
"['[12, 13, 2, 0]']",[1.69275471]
"['[12, 13, 3, 0]']",[1.97035521]
"['[12, 13, 4, 0]']",[2.1324399]
"['[12, 13, 5, 0]']",[1.42424352]
"['[12, 13, 6, 0]']",[2.07949729]
"['[12, 14, 1, 0]']",[2.17385124]
"['[12, 14, 3, 0]']",[2.31421394]
"['[12, 14, 4, 0]']",[1.32843086]
"['[12, 14, 5, 0]']",[1.91703047]
"['[12, 14, 6, 0]']",[1.55681615]
"['[12, 15, 1, 0]']",[1.17947136]
"['[12, 15, 2, 0]']",[1.16300833]
"['[12, 15, 3, 0]']",[1.83131947]
"['[12, 15, 4, 0]']",[1.6625247]
"['[12, 15, 5, 0]']",[1.61928559]
"['[12, 15, 6, 0]']",[1.66912853]
"['[12, 16, 1, 0]']",[1.62193577]
"['[12, 16, 2, 0]']",[1.47965017]
"['[12, 16, 4, 0]']",[1.57598056]
"['[12, 16, 5, 0]']",[2.11898189]
"['[12, 16, 6, 0]']",[1.66746893]
"['[12, 17, 1, 0]']",[1.31473322]
"['[12, 17, 2, 0]']",[0.9203538]
"['[12, 17, 3, 0]']",[1.5150842]
"['[12, 17, 4, 0]']",[1.19185435]
"['[12, 17, 5, 0]']",[1.28955267]
"['[12, 17, 6, 0]']",[1.87858586]
"['[12, 18, 3, 0]']",[1.50059039]
"['[12, 18, 4, 0]']",[2.24734529]
"['[12, 18, 5, 0]']",[1.93393205]
"['[12, 18, 6, 0]']",[1.17526538]
"['[12, 19, 1, 0]']",[1.46801609]
"['[12, 19, 2, 0]']",[2.08760297]
"['[12, 22, 1, 0]']",[2.07215772]
"['[12, 22, 2, 0]']",[1.09596013]
"['[12, 22, 3, 0]']",[1.47182108]
"['[12, 22, 4, 0]']",[1.43433796]
"['[12, 22, 5, 0]']",[1.97748939]
"['[12, 22, 6, 0]']",[1.8224629]
"['[12, 23, 3, 0]']",[1.45530866]
"['[12, 23, 4, 0]']",[1.55568827]
"['[12, 24, 1, 0]']",[1.6837162]
"['[12, 24, 2, 0]']",[1.6445857]
"['[12, 24, 6, 0]']",[2.04967231]
"['[12, 25, 2, 0]']",[1.48751973]
"['[12, 25, 3, 0]']",[2.06305311]
"['[12, 25, 5, 0]']",[1.90340193]
"['[12, 25, 6, 0]']",[1.94916332]
"['[1, 2, 1, 1]']",[1.83115694]
"['[1, 2, 2, 1]']",[0.83866268]
"['[1, 4, 1, 1]']",[1.89583629]
"['[1, 4, 2, 1]']",[1.91417092]
"['[1, 5, 1, 1]']",[1.13487693]
"['[1, 5, 2, 1]']",[1.41809461]
"['[1, 6, 1, 1]']",[1.95384795]
"['[1, 6, 2, 1]']",[1.32470503]
"['[1, 7, 1, 1]']",[1.44495785]
"['[1, 7, 2, 1]']",[1.5971784]
"['[1, 11, 1, 1]']",[1.60702693]
"['[1, 11, 2, 1]']",[1.96431322]
"['[1, 12, 1, 1]']",[1.15571414]
"['[1, 12, 2, 1]']",[2.00049526]
"['[1, 13, 1, 1]']",[1.21075323]
"['[1, 13, 2, 1]']",[2.23931022]
"['[1, 14, 1, 1]']",[2.04168428]
"['[1, 14, 2, 1]']",[1.50483436]
"['[1, 15, 1, 1]']",[2.61249569]
"['[1, 15, 2, 1]']",[1.74293025]
"['[1, 16, 1, 1]']",[1.91210968]
"['[1, 16, 2, 1]']",[1.69148095]
"['[1, 17, 1, 1]']",[1.72135306]
"['[1, 17, 2, 1]']",[1.29397157]
"['[1, 18, 1, 1]']",[1.04973013]
"['[1, 18, 2, 1]']",[1.42727217]
"['[1, 22, 1, 1]']",[1.9320999]
"['[1, 22, 2, 1]']",[1.30422481]
"['[1, 23, 1, 1]']",[1.35214141]
"['[1, 23, 2, 1]']",[1.56207806]
"['[1, 24, 1, 1]']",[1.63607697]
"['[1, 24, 2, 1]']",[1.72786946]
"['[1, 25, 1, 1]']",[2.30055216]
"['[1, 25, 2, 1]']",[1.80677097]
"['[1, 27, 1, 1]']",[2.54344334]
"['[1, 27, 2, 1]']",[1.60781134]
"['[2, 2, 2, 1]']",[1.7078143]
"['[2, 4, 1, 1]']",[1.47506739]
"['[2, 4, 2, 1]']",[1.92809487]
"['[2, 5, 1, 1]']",[1.7148683]
"['[2, 5, 2, 1]']",[1.62751896]
"['[2, 6, 1, 1]']",[1.42314534]
"['[2, 6, 2, 1]']",[1.48339846]
"['[2, 7, 1, 1]']",[1.32694399]
"['[2, 7, 2, 1]']",[1.96148402]
"['[2, 11, 1, 1]']",[1.79633794]
"['[2, 11, 2, 1]']",[1.50729467]
"['[2, 12, 1, 1]']",[1.28220303]
"['[2, 12, 2, 1]']",[2.05374609]
"['[2, 13, 1, 1]']",[1.55517566]
"['[2, 13, 2, 1]']",[1.89010767]
"['[2, 14, 1, 1]']",[1.49726389]
"['[2, 14, 2, 1]']",[1.90936928]
"['[2, 15, 1, 1]']",[1.88442994]
"['[2, 15, 2, 1]']",[2.33828884]
"['[2, 16, 1, 1]']",[1.38589694]
"['[2, 16, 2, 1]']",[1.92355799]
"['[2, 17, 1, 1]']",[1.2330908]
"['[2, 17, 2, 1]']",[1.90389441]
"['[2, 18, 1, 1]']",[1.82527643]
"['[2, 18, 2, 1]']",[2.18209849]
"['[2, 22, 1, 1]']",[1.12686267]
"['[2, 22, 2, 1]']",[1.66444173]
"['[2, 23, 1, 1]']",[1.31154995]
"['[2, 23, 2, 1]']",[1.3322641]
"['[2, 24, 1, 1]']",[1.72595761]
"['[2, 24, 2, 1]']",[1.08709516]
"['[2, 25, 1, 1]']",[1.39578888]
"['[2, 25, 2, 1]']",[1.6804928]
"['[2, 27, 1, 1]']",[1.73466275]
"['[2, 27, 2, 1]']",[1.5867119]
"['[3, 2, 1, 1]']",[1.03216472]
"['[3, 2, 2, 1]']",[1.59517878]
"['[3, 4, 1, 1]']",[1.78086048]
"['[3, 4, 2, 1]']",[1.81431244]
"['[3, 5, 2, 1]']",[1.73757541]
"['[3, 6, 1, 1]']",[1.78546056]
"['[3, 6, 2, 1]']",[1.62693401]
"['[3, 7, 2, 1]']",[2.56653829]
"['[3, 12, 1, 1]']",[1.83842014]
"['[3, 12, 2, 1]']",[1.93555994]
"['[3, 13, 2, 1]']",[2.19571532]
"['[3, 15, 1, 1]']",[1.85219771]
"['[3, 15, 2, 1]']",[1.70318908]
"['[3, 16, 1, 1]']",[1.48470395]
"['[3, 16, 2, 1]']",[1.34724869]
"['[3, 17, 1, 1]']",[2.02753714]
"['[3, 17, 2, 1]']",[1.66107242]
"['[3, 23, 1, 1]']",[2.13892872]
"['[3, 23, 2, 1]']",[1.24821756]
"['[3, 24, 1, 1]']",[1.80666812]
"['[3, 24, 2, 1]']",[1.20868825]
"['[3, 25, 1, 1]']",[1.61958376]
"['[3, 25, 2, 1]']",[1.80045454]
"['[3, 26, 1, 1]']",[1.34828269]
"['[3, 26, 2, 1]']",[1.53142816]
"['[4, 2, 1, 1]']",[1.34335009]
"['[4, 2, 2, 1]']",[1.85510628]
"['[4, 4, 1, 1]']",[1.27238541]
"['[4, 4, 2, 1]']",[1.58208217]
"['[4, 5, 1, 1]']",[1.08524737]
"['[4, 5, 2, 1]']",[1.69399313]
"['[4, 6, 1, 1]']",[1.44237474]
"['[4, 6, 2, 1]']",[1.34649384]
"['[4, 7, 1, 1]']",[1.44265969]
"['[4, 7, 2, 1]']",[1.53910638]
"['[4, 12, 1, 1]']",[2.04906208]
"['[4, 12, 2, 1]']",[0.86192393]
"['[5, 2, 1, 1]']",[1.74378626]
"['[5, 2, 2, 1]']",[1.3876651]
"['[5, 4, 1, 1]']",[1.34628671]
"['[5, 4, 2, 1]']",[1.46779766]
"['[5, 5, 1, 1]']",[1.96877159]
"['[5, 5, 2, 1]']",[1.45527337]
"['[5, 6, 1, 1]']",[1.74487014]
"['[5, 6, 2, 1]']",[2.12731321]
"['[5, 7, 1, 1]']",[1.28664716]
"['[5, 7, 2, 1]']",[1.4796928]
"['[5, 11, 1, 1]']",[1.3070148]
"['[5, 11, 2, 1]']",[1.50007822]
"['[5, 12, 1, 1]']",[2.41913144]
"['[5, 12, 2, 1]']",[2.00020537]
"['[5, 13, 1, 1]']",[1.39036913]
"['[5, 13, 2, 1]']",[1.65047215]
"['[5, 14, 1, 1]']",[1.49754903]
"['[5, 14, 2, 1]']",[1.18088023]
"['[5, 15, 1, 1]']",[1.20635326]
"['[5, 15, 2, 1]']",[1.97219086]
"['[5, 16, 1, 1]']",[1.50729382]
"['[5, 16, 2, 1]']",[1.22340936]
"['[5, 17, 1, 1]']",[1.22831767]
"['[5, 17, 2, 1]']",[1.22955496]
"['[5, 18, 1, 1]']",[1.74783679]
"['[5, 22, 1, 1]']",[1.61454674]
"['[5, 22, 2, 1]']",[1.82790702]
"['[5, 23, 1, 1]']",[1.27107612]
"['[5, 23, 2, 1]']",[1.82428487]
"['[5, 24, 1, 1]']",[1.12359596]
"['[5, 24, 2, 1]']",[1.70788979]
"['[5, 25, 1, 1]']",[2.04170064]
"['[5, 25, 2, 1]']",[2.3342815]
"['[6, 2, 1, 1]']",[1.62174088]
"['[6, 4, 1, 1]']",[1.82272343]
"['[6, 4, 2, 1]']",[1.75194523]
"['[6, 6, 1, 1]']",[1.80774543]
"['[6, 11, 1, 1]']",[1.41919363]
"['[6, 11, 2, 1]']",[2.04136562]
"['[6, 12, 1, 1]']",[2.11328967]
"['[6, 12, 2, 1]']",[1.61000152]
"['[6, 13, 1, 1]']",[1.66082293]
"['[6, 13, 2, 1]']",[1.88537713]
"['[6, 14, 1, 1]']",[1.95527814]
"['[6, 14, 2, 1]']",[1.07164988]
"['[6, 15, 1, 1]']",[1.84445905]
"['[6, 15, 2, 1]']",[1.54455233]
"['[6, 16, 1, 1]']",[1.32563648]
"['[6, 16, 2, 1]']",[1.1115865]
"['[6, 17, 1, 1]']",[1.96396187]
"['[6, 17, 2, 1]']",[2.19484384]
"['[6, 18, 1, 1]']",[1.61688163]
"['[6, 23, 1, 1]']",[2.33795535]
"['[6, 23, 2, 1]']",[1.44664688]
"['[6, 24, 1, 1]']",[1.08076244]
"['[6, 24, 2, 1]']",[2.06616839]
"['[6, 25, 1, 1]']",[2.36512543]
"['[6, 25, 2, 1]']",[1.81031729]
"['[6, 26, 1, 1]']",[1.41060707]
"['[6, 26, 2, 1]']",[2.1901433]
"['[7, 4, 1, 1]']",[2.28087498]
"['[7, 4, 2, 1]']",[2.0009355]
"['[7, 5, 1, 1]']",[1.85530316]
"['[7, 7, 2, 1]']",[2.25834763]
"['[7, 8, 1, 1]']",[1.75715419]
"['[7, 8, 2, 1]']",[1.25556862]
"['[7, 9, 1, 1]']",[1.0915781]
"['[7, 9, 2, 1]']",[1.15885972]
"['[7, 10, 1, 1]']",[1.27820959]
"['[7, 10, 2, 1]']",[1.79827689]
"['[7, 14, 1, 1]']",[1.63557302]
"['[7, 14, 2, 1]']",[1.11059943]
"['[7, 15, 1, 1]']",[1.45704942]
"['[7, 15, 2, 1]']",[2.13621183]
"['[7, 16, 1, 1]']",[1.18366276]
"['[7, 16, 2, 1]']",[1.41038109]
"['[8, 3, 1, 1]']",[2.7010772]
"['[8, 3, 2, 1]']",[1.66064486]
"['[8, 5, 1, 1]']",[2.66986306]
"['[8, 5, 2, 1]']",[1.70294109]
"['[8, 6, 1, 1]']",[2.42095756]
"['[8, 7, 1, 1]']",[1.40705635]
"['[8, 7, 2, 1]']",[1.34235622]
"['[8, 8, 1, 1]']",[1.08384467]
"['[8, 8, 2, 1]']",[1.1392776]
"['[8, 9, 1, 1]']",[1.61354392]
"['[8, 9, 2, 1]']",[1.83335958]
"['[8, 10, 1, 1]']",[1.63401091]
"['[8, 10, 2, 1]']",[1.55260453]
"['[8, 15, 1, 1]']",[2.02765904]
"['[8, 15, 2, 1]']",[1.79304811]
"['[8, 16, 1, 1]']",[1.30515758]
"['[8, 16, 2, 1]']",[1.18508679]
"['[8, 17, 1, 1]']",[1.40261044]
"['[8, 17, 2, 1]']",[1.19195608]
"['[8, 18, 1, 1]']",[0.83944216]
"['[8, 18, 2, 1]']",[1.06212597]
"['[9, 3, 2, 1]']",[1.91045356]
"['[9, 4, 1, 1]']",[1.18193256]
"['[9, 6, 1, 1]']",[3.15665814]
"['[9, 6, 2, 1]']",[1.56351425]
"['[9, 7, 1, 1]']",[1.83852089]
"['[9, 7, 2, 1]']",[2.30173639]
"['[9, 9, 1, 1]']",[1.42736185]
"['[9, 9, 2, 1]']",[2.02196374]
"['[9, 10, 1, 1]']",[1.70180876]
"['[9, 10, 2, 1]']",[1.60871172]
"['[9, 14, 1, 1]']",[1.61347117]
"['[9, 14, 2, 1]']",[1.48965636]
"['[9, 15, 1, 1]']",[1.36002467]
"['[9, 15, 2, 1]']",[1.63549614]
"['[9, 16, 1, 1]']",[1.350883]
"['[9, 16, 2, 1]']",[1.87825021]
"['[9, 17, 1, 1]']",[1.71630731]
"['[9, 19, 1, 1]']",[2.12746698]
"['[10, 3, 1, 1]']",[1.51403122]
"['[10, 4, 2, 1]']",[1.37048338]
"['[10, 5, 1, 1]']",[1.6042152]
"['[10, 6, 1, 1]']",[1.85682859]
"['[10, 6, 2, 1]']",[1.76078787]
"['[10, 7, 1, 1]']",[1.20910554]
"['[10, 7, 2, 1]']",[1.15328381]
"['[10, 9, 1, 1]']",[1.98928011]
"['[10, 9, 2, 1]']",[1.92901202]
"['[10, 10, 2, 1]']",[2.36406362]
"['[10, 19, 1, 1]']",[2.08713931]
"['[10, 19, 2, 1]']",[1.62109562]
"['[11, 2, 1, 1]']",[2.26411398]
"['[11, 2, 2, 1]']",[1.90903112]
"['[11, 4, 1, 1]']",[2.08998615]
"['[11, 4, 2, 1]']",[2.40625475]
"['[11, 6, 1, 1]']",[1.20380697]
"['[11, 6, 2, 1]']",[1.2104089]
"['[11, 11, 1, 1]']",[1.7984527]
"['[11, 11, 2, 1]']",[2.0477353]
"['[11, 12, 1, 1]']",[1.85771072]
"['[11, 12, 2, 1]']",[1.53933252]
"['[11, 13, 1, 1]']",[2.21111807]
"['[11, 13, 2, 1]']",[1.95931773]
"['[11, 14, 1, 1]']",[1.27428733]
"['[11, 14, 2, 1]']",[2.07081688]
"['[11, 15, 1, 1]']",[0.99505576]
"['[11, 15, 2, 1]']",[1.41684361]
"['[11, 16, 1, 1]']",[1.03437472]
"['[11, 16, 2, 1]']",[1.89432943]
"['[11, 17, 2, 1]']",[1.45865196]
"['[11, 18, 1, 1]']",[1.55481881]
"['[11, 18, 2, 1]']",[2.0545018]
"['[11, 24, 1, 1]']",[1.54241202]
"['[11, 27, 1, 1]']",[1.81721501]
"['[11, 27, 2, 1]']",[1.75730136]
"['[12, 2, 1, 1]']",[1.87871119]
"['[12, 4, 1, 1]']",[1.08911416]
"['[12, 5, 2, 1]']",[1.7596014]
"['[12, 6, 1, 1]']",[1.49913632]
"['[12, 6, 2, 1]']",[0.99856392]
"['[12, 7, 1, 1]']",[1.67328742]
"['[12, 7, 2, 1]']",[1.27494879]
"['[12, 12, 1, 1]']",[1.59386656]
"['[12, 12, 2, 1]']",[2.00322039]
"['[12, 13, 2, 1]']",[1.76997109]
"['[12, 14, 1, 1]']",[1.70231554]
"['[12, 14, 2, 1]']",[1.70703755]
"['[12, 15, 1, 1]']",[2.31900035]
"['[12, 16, 1, 1]']",[2.29553159]
"['[12, 16, 2, 1]']",[2.42080083]
"['[12, 17, 2, 1]']",[1.63029473]
"['[12, 18, 1, 1]']",[1.4472742]
"['[12, 18, 2, 1]']",[1.60431845]
"['[12, 19, 1, 1]']",[0.96804241]
"['[12, 23, 2, 1]']",[1.32706852]
"['[12, 24, 1, 1]']",[1.20694525]
"['[12, 24, 2, 1]']",[1.37165126]
"['[12, 25, 1, 1]']",[1.65123359]
"['[12, 25, 2, 1]']",[2.0234384]
"['[12, 26, 1, 1]']",[1.79176207]
"['[12, 26, 2, 1]']",[1.48919353]
"['[12, 29, 1, 1]']",[1.52451531]
"['[12, 29, 2, 1]']",[1.71189032]
